{
  "gameName": "Sweet Cluster 1000",
  "gameId": "sweet_cluster_1000",
  "gridSize": 7,
  "minClusterSize": 5,
  "symbolCount": 8,
  "symbols": {
    "0": {
      "name": "Red Gummy Bear",
      "isScatter": false
    },
    "1": {
      "name": "Yellow Star Candy",
      "isScatter": false
    },
    "2": {
      "name": "Purple Jelly Bean",
      "isScatter": false
    },
    "3": {
      "name": "Green Square Candy",
      "isScatter": false
    },
    "4": {
      "name": "Pink Heart Candy",
      "isScatter": false
    },
    "5": {
      "name": "Orange Slice Candy",
      "isScatter": false
    },
    "6": {
      "name": "Blue Gumdrop",
      "isScatter": false
    },
    "7": {
      "name": "Scatter Lollipop",
      "isScatter": true
    }
  },
  "symbolWeights": [
    18,
    17,
    16,
    14,
    13,
    12,
    10
  ],
  "scatterChance": 0.02,
  "paytable": [
    [
      0.12,
      0.16,
      0.19,
      0.25,
      0.31,
      0.62,
      0.93,
      1.55,
      3.1,
      6.2,
      12.4
    ],
    [
      0.16,
      0.19,
      0.25,
      0.31,
      0.46,
      0.78,
      1.24,
      1.86,
      3.72,
      7.44,
      15.5
    ],
    [
      0.19,
      0.25,
      0.31,
      0.46,
      0.62,
      0.93,
      1.55,
      2.17,
      4.96,
      9.3,
      18.6
    ],
    [
      0.25,
      0.31,
      0.46,
      0.62,
      0.78,
      1.24,
      1.86,
      3.1,
      6.2,
      12.4,
      24.8
    ],
    [
      0.31,
      0.46,
      0.62,
      0.78,
      0.93,
      1.86,
      2.79,
      6.2,
      12.4,
      24.8,
      37.2
    ],
    [
      0.46,
      0.62,
      0.78,
      0.93,
      1.24,
      2.48,
      3.72,
      7.75,
      18.6,
      37.2,
      62.0
    ],
    [
      0.62,
      0.93,
      1.09,
      1.24,
      1.55,
      3.1,
      4.65,
      9.3,
      21.7,
      43.4,
      93.0
    ]
  ],
  "freeSpinsByScatter": {
    "3": 10,
    "4": 15,
    "5": 20,
    "6": 25,
    "7": 30
  },
  "multiplierProgression": [
    1,
    2,
    4,
    8,
    16,
    32,
    64,
    128,
    256,
    512,
    1024
  ],
  "maxMultiplier": 1024,
  "maxWin": 25000,
  "rtp": {
    "target": 0.96,
    "simulated": 0.952978,
    "simulations": 200000,
    "hitRate": 0.343445
  },
  "buyFeatures": {
    "regular": {
      "cost": 100,
      "spins": 10
    },
    "super": {
      "cost": 500,
      "spins": 10
    }
  },
  "version": "1.0.0"
}